first_name,last_name,email,phone,select_price,select_servi,subject,comments,verify
,,,,,,,,
,,,,,,,,
,,,,,,,,
,,,,,,,,
,,,,,,,,
,,,,,,,,
Oleg,,,,$100 - $2000,12,,,
,,,,$100 - $2000,12,,,
,,,,$100 - $2000,,,,
Oleg,Krol,ol.krol@yandex.ru,+78005553635,$4000 - $10000,,,RoR,
,,,,$100 - $2000,,,,
Joe,Doe,joe.doe@yourdomain.com,+78005553635,$4000 - $10000,,,Some Some Text,
Joe,Doe,joe.doe@yourdomain.com,+78005553635,$4000 - $10000,,,Some Some Text,
Joe,Doe,joe.doe@yourdomain.com,+78005553635,$4000 - $10000,,,Some Some Text,
Joe,Doe,joe.doe@yourdomain.com,+78005553635,$100 - $2000,,,kakakakakak,
