02.03.2024 12:49:52;[::1]:51308;http://localhost:8001/CSS Zen Garden_ The Beauty of CSS Design.html;200;
02.03.2024 12:49:52;[::1]:51308;http://localhost:8001/app/assets/stylesheets/218.css;200;
02.03.2024 12:49:52;[::1]:51307;http://localhost:8001/app/javascript/xtk3kmd.js.Без названия;200;
02.03.2024 12:49:53;[::1]:51312;http://localhost:8001/app/assets/images/img-bottle.png;200;
02.03.2024 12:49:53;[::1]:51310;http://localhost:8001/app/assets/images/img-lg-vert-border.png;200;
02.03.2024 12:49:53;[::1]:51308;http://localhost:8001/app/assets/images/img-look-right.png;200;
02.03.2024 12:49:53;[::1]:51311;http://localhost:8001/app/assets/images/img-sprite.png;200;
02.03.2024 12:49:53;[::1]:51310;http://localhost:8001/app/assets/images/img-pointer-guy.png;200;
02.03.2024 12:50:06;[::1]:51321;http://localhost:8001/app/assets/images/img-lookup.png;200;
02.03.2024 12:50:13;[::1]:51321;http://localhost:8001/app/assets/images/img-halftone.png;200;
02.03.2024 12:50:19;[::1]:51333;http://localhost:8001/app/assets/images/img-bottle.png;200;
04.03.2024 13:49:31;[::1]:50929;http://localhost:8001/favicon.ico;404;
04.03.2024 13:51:54;[::1]:50942;http://localhost:8001/app/assets/images/img-bottle.png;200;
04.03.2024 13:51:55;[::1]:50942;http://localhost:8001/favicon.ico;404;
04.03.2024 13:52:03;[::1]:50942;http://localhost:8001/CSS Zen Garden_ The Beauty of CSS Design.html;200;
04.03.2024 13:52:03;[::1]:50942;http://localhost:8001/app/assets/stylesheets/218.css;200;
04.03.2024 13:52:03;[::1]:50943;http://localhost:8001/app/javascript/xtk3kmd.js.Без названия;200;
04.03.2024 13:52:03;[::1]:50942;http://localhost:8001/app/assets/images/img-lg-vert-border.png;200;
04.03.2024 13:52:03;[::1]:50943;http://localhost:8001/app/assets/images/img-halftone.png;200;
04.03.2024 13:52:03;[::1]:50944;http://localhost:8001/app/assets/images/img-lg-horiz-border.png;200;
04.03.2024 13:52:03;[::1]:50947;http://localhost:8001/app/assets/images/img-look-right.png;200;
04.03.2024 13:52:03;[::1]:50946;http://localhost:8001/app/assets/images/img-bottle.png;200;
04.03.2024 13:52:03;[::1]:50945;http://localhost:8001/app/assets/images/img-sprite.png;200;
04.03.2024 13:52:03;[::1]:50947;http://localhost:8001/app/assets/images/img-pointer-guy.png;200;
04.03.2024 13:52:04;[::1]:50944;http://localhost:8001/app/assets/images/img-lookup.png;200;
04.03.2024 15:24:11;[::1]:50385;http://localhost:8001/app/assets/stylesheets/218.css;200;
04.03.2024 15:24:11;[::1]:50384;http://localhost:8001/app/javascript/xtk3kmd.js.Без названия;200;
04.03.2024 15:24:11;[::1]:50384;http://localhost:8001/app/assets/images/img-halftone.png;200;
04.03.2024 15:24:11;[::1]:50385;http://localhost:8001/app/assets/images/img-lg-horiz-border.png;200;
04.03.2024 15:24:11;[::1]:50384;http://localhost:8001/app/assets/images/img-lg-vert-border.png;200;
04.03.2024 15:24:11;[::1]:50386;http://localhost:8001/app/assets/images/img-sprite.png;200;
04.03.2024 15:24:11;[::1]:50386;http://localhost:8001/app/assets/images/img-bottle.png;200;
04.03.2024 15:24:12;[::1]:50386;http://localhost:8001/app/assets/images/img-look-right.png;200;
04.03.2024 15:24:12;[::1]:50386;http://localhost:8001/app/assets/images/img-lookup.png;200;
04.03.2024 15:24:12;[::1]:50386;http://localhost:8001/app/assets/images/img-pointer-guy.png;200;
04.03.2024 16:25:12;[::1]:52365;http://localhost:8001/CSS Zen Garden_ The Beauty of CSS Design.html;200;
04.03.2024 16:25:12;[::1]:52365;http://localhost:8001/app/assets/stylesheets/218.css;200;
04.03.2024 16:25:12;[::1]:52364;http://localhost:8001/app/javascript/xtk3kmd.js.Без названия;200;
04.03.2024 16:25:12;[::1]:52365;http://localhost:8001/app/assets/images/img-lg-vert-border.png;200;
04.03.2024 16:25:12;[::1]:52368;http://localhost:8001/app/assets/images/img-bottle.png;200;
04.03.2024 16:25:13;[::1]:52367;http://localhost:8001/app/assets/images/img-sprite.png;200;
04.03.2024 16:25:13;[::1]:52364;http://localhost:8001/app/assets/images/img-lookup.png;200;
04.03.2024 16:25:13;[::1]:52366;http://localhost:8001/app/assets/images/img-pointer-guy.png;200;
04.03.2024 16:28:21;[::1]:52390;http://localhost:8001/CSS Zen Garden_ The Beauty of CSS Design.html;200;
04.03.2024 16:28:21;[::1]:52390;http://localhost:8001/app/assets/stylesheets/218.css;200;
04.03.2024 16:28:21;[::1]:52391;http://localhost:8001/app/javascript/xtk3kmd.js.Без названия;200;
04.03.2024 16:28:21;[::1]:52391;http://localhost:8001/app/assets/images/img-halftone.png;200;
04.03.2024 16:28:21;[::1]:52390;http://localhost:8001/app/assets/images/img-lg-vert-border.png;200;
04.03.2024 16:28:21;[::1]:52394;http://localhost:8001/app/assets/images/img-bottle.png;200;
04.03.2024 16:28:21;[::1]:52395;http://localhost:8001/app/assets/images/img-look-right.png;200;
04.03.2024 16:28:21;[::1]:52391;http://localhost:8001/app/assets/images/img-pointer-guy.png;200;
04.03.2024 16:28:21;[::1]:52393;http://localhost:8001/app/assets/images/img-sprite.png;200;
04.03.2024 16:28:21;[::1]:52390;http://localhost:8001/app/assets/images/img-lookup.png;200;
04.03.2024 16:58:10;[::1]:53032;http://localhost:8001/CSS Zen Garden_ The Beauty of CSS Design.html;200;
04.03.2024 16:58:10;[::1]:53032;http://localhost:8001/app/assets/stylesheets/218.css;200;
04.03.2024 16:58:10;[::1]:53033;http://localhost:8001/app/javascript/xtk3kmd.js.Без названия;200;
04.03.2024 16:58:11;[::1]:53032;http://localhost:8001/app/assets/images/img-lg-vert-border.png;200;
04.03.2024 16:58:11;[::1]:53036;http://localhost:8001/app/assets/images/img-bottle.png;200;
04.03.2024 16:58:11;[::1]:53035;http://localhost:8001/app/assets/images/img-lg-horiz-border.png;200;
04.03.2024 16:58:11;[::1]:53038;http://localhost:8001/app/assets/images/img-sprite.png;200;
04.03.2024 16:58:11;[::1]:53037;http://localhost:8001/app/assets/images/img-look-right.png;200;
04.03.2024 16:58:11;[::1]:53033;http://localhost:8001/app/assets/images/img-halftone.png;200;
04.03.2024 16:58:11;[::1]:53038;http://localhost:8001/app/assets/images/img-pointer-guy.png;200;
04.03.2024 16:58:11;[::1]:53032;http://localhost:8001/app/assets/images/img-lookup.png;200;
04.03.2024 17:02:08;[::1]:53048;http://localhost:8001/CSS Zen Garden_ The Beauty of CSS Design.html;200;
04.03.2024 17:02:08;[::1]:53048;http://localhost:8001/app/assets/stylesheets/218.css;200;
04.03.2024 17:02:08;[::1]:53047;http://localhost:8001/app/javascript/xtk3kmd.js.Без названия;200;
04.03.2024 17:02:08;[::1]:53047;http://localhost:8001/app/assets/images/img-halftone.png;200;
04.03.2024 17:02:08;[::1]:53048;http://localhost:8001/app/assets/images/img-lg-vert-border.png;200;
04.03.2024 17:02:08;[::1]:53049;http://localhost:8001/app/assets/images/img-lg-horiz-border.png;200;
04.03.2024 17:02:08;[::1]:53050;http://localhost:8001/app/assets/images/img-sprite.png;200;
04.03.2024 17:02:08;[::1]:53047;http://localhost:8001/app/assets/images/img-lookup.png;200;
04.03.2024 17:02:08;[::1]:53048;http://localhost:8001/app/assets/images/img-pointer-guy.png;200;
